id,kind,from_connector,to_connector,cut_length_each_mm,wires,wire,housing_both_ends,contact
S03,sensor,N1.J11,waist.yaw.J1,290,6,Alpha 2841/7 AWG30 7/38 PTFE OD0.61,SHR-06V-S,SSH-003T-P0.2-H
S04,sensor,N1.J12,waist.pitch.J1,430,6,Alpha 2841/7 AWG30 7/38 PTFE OD0.61,SHR-06V-S,SSH-003T-P0.2-H
S05,sensor,N1.J13,waist.roll.J1,440,6,Alpha 2841/7 AWG30 7/38 PTFE OD0.61,SHR-06V-S,SSH-003T-P0.2-H
S06,sensor,N2.J11,chest.yaw.J1,370,6,Alpha 2841/7 AWG30 7/38 PTFE OD0.61,SHR-06V-S,SSH-003T-P0.2-H
S07,sensor,N2.J12,chest.pitch.J1,370,6,Alpha 2841/7 AWG30 7/38 PTFE OD0.61,SHR-06V-S,SSH-003T-P0.2-H
S08,sensor,N2.J13,chest.roll.J1,350,6,Alpha 2841/7 AWG30 7/38 PTFE OD0.61,SHR-06V-S,SSH-003T-P0.2-H
S09,sensor,N2.J14,head.yaw.J1,300,6,Alpha 2841/7 AWG30 7/38 PTFE OD0.61,SHR-06V-S,SSH-003T-P0.2-H
S10,sensor,N2.J15,head.pitch.J1,440,6,Alpha 2841/7 AWG30 7/38 PTFE OD0.61,SHR-06V-S,SSH-003T-P0.2-H
S11,sensor,N2.J16,head.roll.J1,440,6,Alpha 2841/7 AWG30 7/38 PTFE OD0.61,SHR-06V-S,SSH-003T-P0.2-H
S12,sensor,N3.J11,clavicle_l.protract.J1,260,6,Alpha 2841/7 AWG30 7/38 PTFE OD0.61,SHR-06V-S,SSH-003T-P0.2-H
S13,sensor,N3.J12,clavicle_l.elevate.J1,430,6,Alpha 2841/7 AWG30 7/38 PTFE OD0.61,SHR-06V-S,SSH-003T-P0.2-H
S14,sensor,N3.J13,upperarm_l.flex.J1,370,6,Alpha 2841/7 AWG30 7/38 PTFE OD0.61,SHR-06V-S,SSH-003T-P0.2-H
S15,sensor,N3.J14,upperarm_l.abduct.J1,460,6,Alpha 2841/7 AWG30 7/38 PTFE OD0.61,SHR-06V-S,SSH-003T-P0.2-H
S16,sensor,N3.J15,upperarm_l.twist.J1,430,6,Alpha 2841/7 AWG30 7/38 PTFE OD0.61,SHR-06V-S,SSH-003T-P0.2-H
S17,sensor,N3.J16,elbow_l.flex.J1,560,6,Alpha 2841/7 AWG30 7/38 PTFE OD0.61,SHR-06V-S,SSH-003T-P0.2-H
S18,sensor,N3.J17,forearm_l.twist.J1,620,6,Alpha 2841/7 AWG30 7/38 PTFE OD0.61,SHR-06V-S,SSH-003T-P0.2-H
S19,sensor,N3.J18,hand_l.flex.J1,740,6,Alpha 2841/7 AWG30 7/38 PTFE OD0.61,SHR-06V-S,SSH-003T-P0.2-H
S20,sensor,N3.J19,hand_l.deviate.J1,850,6,Alpha 2841/7 AWG30 7/38 PTFE OD0.61,SHR-06V-S,SSH-003T-P0.2-H
S28,sensor,N4.J11,clavicle_r.protract.J1,250,6,Alpha 2841/7 AWG30 7/38 PTFE OD0.61,SHR-06V-S,SSH-003T-P0.2-H
S29,sensor,N4.J12,clavicle_r.elevate.J1,430,6,Alpha 2841/7 AWG30 7/38 PTFE OD0.61,SHR-06V-S,SSH-003T-P0.2-H
S30,sensor,N4.J13,upperarm_r.flex.J1,370,6,Alpha 2841/7 AWG30 7/38 PTFE OD0.61,SHR-06V-S,SSH-003T-P0.2-H
S31,sensor,N4.J14,upperarm_r.abduct.J1,460,6,Alpha 2841/7 AWG30 7/38 PTFE OD0.61,SHR-06V-S,SSH-003T-P0.2-H
S32,sensor,N4.J15,upperarm_r.twist.J1,430,6,Alpha 2841/7 AWG30 7/38 PTFE OD0.61,SHR-06V-S,SSH-003T-P0.2-H
S33,sensor,N4.J16,elbow_r.flex.J1,560,6,Alpha 2841/7 AWG30 7/38 PTFE OD0.61,SHR-06V-S,SSH-003T-P0.2-H
S34,sensor,N4.J17,forearm_r.twist.J1,630,6,Alpha 2841/7 AWG30 7/38 PTFE OD0.61,SHR-06V-S,SSH-003T-P0.2-H
S35,sensor,N4.J18,hand_r.flex.J1,750,6,Alpha 2841/7 AWG30 7/38 PTFE OD0.61,SHR-06V-S,SSH-003T-P0.2-H
S36,sensor,N4.J19,hand_r.deviate.J1,840,6,Alpha 2841/7 AWG30 7/38 PTFE OD0.61,SHR-06V-S,SSH-003T-P0.2-H
S21,sensor,N5.J11,thigh_l.flex.J1,300,6,Alpha 2841/7 AWG30 7/38 PTFE OD0.61,SHR-06V-S,SSH-003T-P0.2-H
S22,sensor,N5.J12,thigh_l.abduct.J1,360,6,Alpha 2841/7 AWG30 7/38 PTFE OD0.61,SHR-06V-S,SSH-003T-P0.2-H
S23,sensor,N5.J13,thigh_l.twist.J1,380,6,Alpha 2841/7 AWG30 7/38 PTFE OD0.61,SHR-06V-S,SSH-003T-P0.2-H
S24,sensor,N5.J14,calf_l.flex.J1,550,6,Alpha 2841/7 AWG30 7/38 PTFE OD0.61,SHR-06V-S,SSH-003T-P0.2-H
S25,sensor,N5.J15,foot_l.dorsiflex.J1,810,6,Alpha 2841/7 AWG30 7/38 PTFE OD0.61,SHR-06V-S,SSH-003T-P0.2-H
S26,sensor,N5.J16,foot_l.invert.J1,880,6,Alpha 2841/7 AWG30 7/38 PTFE OD0.61,SHR-06V-S,SSH-003T-P0.2-H
S27,sensor,N5.J17,ball_l.flex.J1,910,6,Alpha 2841/7 AWG30 7/38 PTFE OD0.61,SHR-06V-S,SSH-003T-P0.2-H
S37,sensor,N6.J11,thigh_r.flex.J1,300,6,Alpha 2841/7 AWG30 7/38 PTFE OD0.61,SHR-06V-S,SSH-003T-P0.2-H
S38,sensor,N6.J12,thigh_r.abduct.J1,360,6,Alpha 2841/7 AWG30 7/38 PTFE OD0.61,SHR-06V-S,SSH-003T-P0.2-H
S39,sensor,N6.J13,thigh_r.twist.J1,380,6,Alpha 2841/7 AWG30 7/38 PTFE OD0.61,SHR-06V-S,SSH-003T-P0.2-H
S40,sensor,N6.J14,calf_r.flex.J1,550,6,Alpha 2841/7 AWG30 7/38 PTFE OD0.61,SHR-06V-S,SSH-003T-P0.2-H
S41,sensor,N6.J15,foot_r.dorsiflex.J1,810,6,Alpha 2841/7 AWG30 7/38 PTFE OD0.61,SHR-06V-S,SSH-003T-P0.2-H
S42,sensor,N6.J16,foot_r.invert.J1,880,6,Alpha 2841/7 AWG30 7/38 PTFE OD0.61,SHR-06V-S,SSH-003T-P0.2-H
S43,sensor,N6.J17,ball_r.flex.J1,910,6,Alpha 2841/7 AWG30 7/38 PTFE OD0.61,SHR-06V-S,SSH-003T-P0.2-H
C1,can,N6.J3,N1.J2,230,3,"Alpha 5851 AWG30 PTFE OD0.81; twist H/L together, 20 mm pitch",GHR-03V-S,SSHL-002T-P0.2
C2,can,N1.J3,N5.J2,230,3,"Alpha 5851 AWG30 PTFE OD0.81; twist H/L together, 20 mm pitch",GHR-03V-S,SSHL-002T-P0.2
C3,can,N5.J3,N3.J2,600,3,"Alpha 5851 AWG30 PTFE OD0.81; twist H/L together, 20 mm pitch",GHR-03V-S,SSHL-002T-P0.2
C4,can,N3.J3,N2.J2,230,3,"Alpha 5851 AWG30 PTFE OD0.81; twist H/L together, 20 mm pitch",GHR-03V-S,SSHL-002T-P0.2
C5,can,N2.J3,N4.J2,230,3,"Alpha 5851 AWG30 PTFE OD0.81; twist H/L together, 20 mm pitch",GHR-03V-S,SSHL-002T-P0.2
P1,power,POWER.J2,N1.J1,300,2,Alpha 3049 AWG26 7/34 PVC OD1.30,PHR-2,SPH-002T-P0.5S
P2,power,POWER.J3,N2.J1,550,2,Alpha 3049 AWG26 7/34 PVC OD1.30,PHR-2,SPH-002T-P0.5S
P3,power,POWER.J4,N3.J1,560,2,Alpha 3049 AWG26 7/34 PVC OD1.30,PHR-2,SPH-002T-P0.5S
P4,power,POWER.J5,N4.J1,560,2,Alpha 3049 AWG26 7/34 PVC OD1.30,PHR-2,SPH-002T-P0.5S
P5,power,POWER.J6,N5.J1,310,2,Alpha 3049 AWG26 7/34 PVC OD1.30,PHR-2,SPH-002T-P0.5S
P6,power,POWER.J7,N6.J1,310,2,Alpha 3049 AWG26 7/34 PVC OD1.30,PHR-2,SPH-002T-P0.5S
